ANNEE,DEPARTEMENT_CODE,DEPARTEMENT,WINNER,NB_INSCRITS,NB_VOTANTS,PARTI_1,VOIX_1,PARTI_2,VOIX_2,PARTI_3,VOIX_3,PARTI_4,VOIX_4,PARTI_5,VOIX_5,PARTI_6,VOIX_6,PARTI_7,VOIX_7,PARTI_8,VOIX_8,PARTI_9,VOIX_9
2024,01,Ain,E.DROITE,446979,311188,GAUCHE,19964,CENTRE,103368,DROITE,33889.0,E.DROITE,110427.0,DROITE,27040.0,,,,,,,,
2024,02,Aisne,DROITE,73181,46620,DROITE,22933,E.DROITE,22409,,,,,,,,,,,,,,
2024,03,Allier,E.DROITE,248529,171908,GAUCHE,43029,DROITE,46601,E.DROITE,72357.0,,,,,,,,,,,,
2024,04,Alpes-de-Haute-Provence,GAUCHE,128146,90407,GAUCHE,39040,E.DROITE,21536,DROITE,21655.0,,,,,,,,,,,,
2024,05,Hautes-Alpes,GAUCHE,114587,82882,GAUCHE,40743,E.DROITE,34857,,,,,,,,,,,,,,
2024,06,Alpes-Maritimes,E.DROITE,527115,343628,GAUCHE,59867,CENTRE,11374,DROITE,94374.0,E.DROITE,110429.0,DROITE,51469.0,,,,,,,,
2024,07,Ardèche,GAUCHE,257758,187620,GAUCHE,76800,DROITE,20414,E.DROITE,45798.0,DROITE,33926.0,,,,,,,,,,
2024,08,Ardennes,E.DROITE,185433,122169,CENTRE,21458,DROITE,39921,E.DROITE,56785.0,,,,,,,,,,,,
2024,09,Ariège,GAUCHE,62062,43612,GAUCHE,23608,E.DROITE,17760,,,,,,,,,,,,,,
2024,10,Aube,E.DROITE,139471,92403,GAUCHE,18624,DROITE,25420,E.DROITE,43906.0,,,,,,,,,,,,
2024,11,Aude,E.DROITE,281930,196936,GAUCHE,76347,E.DROITE,102136,,,,,,,,,,,,,,
2024,12,Aveyron,CENTRE,218840,159668,GAUCHE,24084,CENTRE,64402,E.DROITE,37707.0,DROITE,19561.0,,,,,,,,,,
2024,13,Bouches-du-Rhône,E.DROITE,1207205,810466,GAUCHE,30287,GAUCHE,252644,CENTRE,85453.0,E.DROITE,339780.0,DROITE,50625.0,,,,,,,,
2024,14,Calvados,CENTRE,516467,361415,GAUCHE,48990,CENTRE,145808,DROITE,28691.0,E.DROITE,118332.0,,,,,,,,,,
2024,15,Cantal,DROITE,114628,82338,DROITE,49915,E.DROITE,28635,,,,,,,,,,,,,,
2024,16,Charente,E.DROITE,258245,179136,GAUCHE,47836,DROITE,18406,CENTRE,28350.0,E.DROITE,48171.0,DROITE,25653.0,,,,,,,,
2024,17,Charente-Maritime,E.DROITE,524147,364823,GAUCHE,54353,GAUCHE,64426,DROITE,42725.0,CENTRE,30447.0,E.DROITE,148544.0,,,,,,,,
2024,18,Cher,E.DROITE,222538,148988,GAUCHE,20739,CENTRE,54197,E.DROITE,65250.0,,,,,,,,,,,,
2024,19,Corrèze,DROITE,185032,135744,GAUCHE,28751,DROITE,54175,E.DROITE,46101.0,,,,,,,,,,,,
2024,21,Côte-d'Or,E.DROITE,368017,262337,GAUCHE,67766,CENTRE,45947,DROITE,25179.0,E.DROITE,85697.0,DROITE,21645.0,,,,,,,,
2024,22,Côtes-d'Armor,E.DROITE,473910,351119,GAUCHE,72464,CENTRE,106768,DROITE,41619.0,E.DROITE,110363.0,,,,,,,,,,
2024,23,Creuse,DROITE,89953,64600,GAUCHE,17121,DROITE,21757,DROITE,23513.0,,,,,,,,,,,,
2024,24,Dordogne,GAUCHE,319302,230107,GAUCHE,105380,E.DROITE,102209,,,,,,,,,,,,,,
2024,25,Doubs,E.DROITE,370198,259744,GAUCHE,66216,CENTRE,40225,DROITE,35576.0,E.DROITE,81457.0,DROITE,21543.0,,,,,,,,
2024,26,Drôme,GAUCHE,386389,274968,GAUCHE,117869,DROITE,18473,E.DROITE,84954.0,DROITE,33361.0,,,,,,,,,,
2024,27,Eure,E.DROITE,435498,293737,GAUCHE,54493,CENTRE,78908,E.DROITE,144039.0,,,,,,,,,,,,
2024,28,Eure-et-Loir,E.DROITE,305695,202698,CENTRE,58384,CENTRE,23815,DROITE,26422.0,E.DROITE,64520.0,DROITE,21025.0,,,,,,,,
2024,29,Finistère,CENTRE,714497,524621,GAUCHE,126129,CENTRE,205255,CENTRE,19239.0,E.DROITE,149790.0,,,,,,,,,,
2024,2A,Corse-du-Sud,E.DROITE,114990,76807,CENTRE,23969,CENTRE,20893,E.DROITE,28673.0,,,,,,,,,,,,
2024,2B,Haute-Corse,CENTRE,130035,87082,CENTRE,45104,DROITE,24458,E.DROITE,13677.0,,,,,,,,,,,,
2024,30,Gard,GAUCHE,465968,316870,GAUCHE,130837,E.DROITE,125926,DROITE,32629.0,,,,,,,,,,,,
2024,31,Haute-Garonne,GAUCHE,880846,637791,GAUCHE,272928,CENTRE,112261,E.DROITE,181874.0,DROITE,34145.0,,,,,,,,,,
2024,32,Gers,E.DROITE,146877,108511,GAUCHE,30912,CENTRE,29185,E.DROITE,41874.0,,,,,,,,,,,,
2024,33,Gironde,GAUCHE,1082508,760468,GAUCHE,249079,CENTRE,227589,E.DROITE,245548.0,,,,,,,,,,,,
2024,34,Hérault,GAUCHE,687147,477672,GAUCHE,208090,DROITE,18091,E.DROITE,161470.0,DROITE,54301.0,,,,,,,,,,
2024,35,Ille-et-Vilaine,CENTRE,694309,501518,GAUCHE,126039,CENTRE,165329,DROITE,50315.0,E.DROITE,137077.0,,,,,,,,,,
2024,36,Indre,DROITE,164460,112520,DROITE,27060,DROITE,30423,E.DROITE,21689.0,DROITE,27242.0,,,,,,,,,,
2024,37,Indre-et-Loire,CENTRE,444992,304989,GAUCHE,56803,CENTRE,130281,E.DROITE,73390.0,DROITE,24896.0,,,,,,,,,,
2024,38,Isère,GAUCHE,892004,631145,GAUCHE,268244,CENTRE,25120,DROITE,36434.0,E.DROITE,186843.0,DROITE,64709.0,,,,,,,,
2024,39,Jura,E.DROITE,190836,135157,CENTRE,25097,DROITE,50183,E.DROITE,52533.0,,,,,,,,,,,,
2024,40,Landes,CENTRE,334330,241708,GAUCHE,38537,CENTRE,93800,E.DROITE,93426.0,,,,,,,,,,,,
2024,41,Loir-et-Cher,E.DROITE,244122,168976,CENTRE,62391,DROITE,24855,E.DROITE,73450.0,,,,,,,,,,,,
2024,42,Loire,E.DROITE,517334,359534,GAUCHE,47746,CENTRE,30634,CENTRE,7268.0,DROITE,117654.0,E.DROITE,141917.0,,,,,,,,
2024,43,Haute-Loire,DROITE,182108,130227,DROITE,77457,E.DROITE,45717,,,,,,,,,,,,,,
2024,44,Loire-Atlantique,GAUCHE,982503,697548,GAUCHE,219299,CENTRE,176889,DROITE,76437.0,E.DROITE,143249.0,DROITE,53343.0,,,,,,,,
2024,45,Loiret,E.DROITE,461186,311109,GAUCHE,46038,CENTRE,90645,DROITE,23863.0,E.DROITE,131543.0,,,,,,,,,,
2024,46,Lot,GAUCHE,139372,102983,GAUCHE,34503,CENTRE,9870,DROITE,28049.0,E.DROITE,27506.0,,,,,,,,,,
2024,47,Lot-et-Garonne,E.DROITE,241299,170263,GAUCHE,21103,CENTRE,30952,DROITE,27689.0,E.DROITE,79875.0,,,,,,,,,,
2024,48,Lozère,GAUCHE,59753,45644,GAUCHE,19101,DROITE,7579,E.DROITE,17347.0,,,,,,,,,,,,
2024,49,Maine-et-Loire,CENTRE,597517,416224,GAUCHE,56594,CENTRE,186158,DROITE,26768.0,E.DROITE,111630.0,DROITE,17310.0,,,,,,,,
2024,50,Manche,CENTRE,383282,265729,GAUCHE,32748,CENTRE,84257,DROITE,36531.0,E.DROITE,44916.0,DROITE,53010.0,,,,,,,,
2024,51,Marne,CENTRE,382018,253765,CENTRE,104864,CENTRE,26393,E.DROITE,69184.0,DROITE,43424.0,,,,,,,,,,
2024,52,Haute-Marne,E.DROITE,69173,46768,CENTRE,20335,E.DROITE,23772,,,,,,,,,,,,,,
2024,53,Mayenne,E.DROITE,226656,152560,GAUCHE,31428,DROITE,31379,CENTRE,33257.0,E.DROITE,47977.0,,,,,,,,,,
2024,54,Meurthe-et-Moselle,GAUCHE,494242,325239,GAUCHE,124560,CENTRE,14284,DROITE,33130.0,E.DROITE,110532.0,EXD,23217.0,,,,,,,,
2024,55,Meuse,E.DROITE,74914,51920,DROITE,24918,E.DROITE,25411,,,,,,,,,,,,,,
2024,56,Morbihan,CENTRE,615808,445117,GAUCHE,21760,CENTRE,51799,CENTRE,204623.0,E.DROITE,146374.0,,,,,,,,,,
2024,57,Moselle,E.DROITE,591851,380674,GAUCHE,22147,CENTRE,96462,CENTRE,29657.0,DROITE,50506.0,E.DROITE,164743.0,,,,,,,,
2024,58,Nièvre,E.DROITE,152632,103603,GAUCHE,22686,CENTRE,24627,E.DROITE,48778.0,,,,,,,,,,,,
2024,59,Nord,E.DROITE,1297467,839162,GAUCHE,187233,DIV,26769,DROITE,18612.0,CENTRE,135549.0,CENTRE,24485.0,DROITE,101942.0,E.DROITE,250462.0,DROITE,58092.0,,
2024,60,Oise,E.DROITE,478608,312131,GAUCHE,56855,CENTRE,32174,CENTRE,22725.0,DROITE,35804.0,E.DROITE,148179.0,,,,,,,,
2024,61,Orne,E.DROITE,203381,138915,GAUCHE,22804,DROITE,53215,E.DROITE,55358.0,,,,,,,,,,,,
2024,62,Pas-de-Calais,E.DROITE,537334,349402,GAUCHE,53873,CENTRE,84553,DROITE,27177.0,E.DROITE,167807.0,,,,,,,,,,
2024,63,Puy-de-Dôme,GAUCHE,471205,335622,GAUCHE,120427,CENTRE,78803,E.DROITE,118242.0,,,,,,,,,,,,
2024,64,Pyrénées-Atlantiques,E.DROITE,526617,380018,GAUCHE,37303,GAUCHE,95486,CENTRE,94692.0,DROITE,13419.0,E.DROITE,98201.0,DROITE,21222.0,,,,,,
2024,65,Hautes-Pyrénées,GAUCHE,175819,124233,GAUCHE,57590,E.DROITE,52332,,,,,,,,,,,,,,
2024,66,Pyrénées-Orientales,E.DROITE,262473,176684,GAUCHE,68543,E.DROITE,92313,,,,,,,,,,,,,,
2024,67,Bas-Rhin,CENTRE,788631,538077,GAUCHE,67653,CENTRE,225449,DROITE,30986.0,E.DROITE,195377.0,,,,,,,,,,
2024,68,Haut-Rhin,CENTRE,533173,353114,CENTRE,156701,DROITE,34309,E.DROITE,148243.0,,,,,,,,,,,,
2024,69,Rhône,GAUCHE,1131156,792824,GAUCHE,24783,GAUCHE,239841,CENTRE,212246.0,DROITE,65428.0,E.DROITE,163628.0,DROITE,55905.0,,,,,,
2024,70,Haute-Saône,E.DROITE,88348,63011,CENTRE,27812,E.DROITE,32044,,,,,,,,,,,,,,
2024,71,Saône-et-Loire,E.DROITE,401392,278763,GAUCHE,41874,CENTRE,56603,DROITE,29977.0,DROITE,15593.0,E.DROITE,90176.0,DROITE,29272.0,,,,,,
2024,72,Sarthe,E.DROITE,412924,275562,GAUCHE,52796,CENTRE,89448,E.DROITE,93458.0,DROITE,21349.0,,,,,,,,,,
2024,73,Savoie,DROITE,323964,229377,GAUCHE,29313,CENTRE,37644,DROITE,61446.0,E.DROITE,60009.0,DROITE,27170.0,,,,,,,,
2024,74,Haute-Savoie,CENTRE,579213,396818,CENTRE,169464,DROITE,37452,DROITE,33738.0,E.DROITE,65665.0,DROITE,73709.0,,,,,,,,
2024,75,Paris,CENTRE,687417,459856,GAUCHE,28858,GAUCHE,142179,CENTRE,229002.0,DROITE,22236.0,DROITE,13282.0,,,,,,,,
2024,76,Seine-Maritime,E.DROITE,879812,595418,GAUCHE,165918,DROITE,103713,CENTRE,52444.0,E.DROITE,240654.0,,,,,,,,,,
2024,77,Seine-et-Marne,E.DROITE,848967,549967,GAUCHE,151043,CENTRE,94839,DROITE,55763.0,E.DROITE,174286.0,DROITE,41285.0,,,,,,,,
2024,78,Yvelines,CENTRE,976186,673006,GAUCHE,190846,CENTRE,260073,CENTRE,22175.0,DROITE,11763.0,E.DROITE,117724.0,DROITE,45138.0,,,,,,
2024,79,Deux-Sèvres,E.DROITE,275136,190841,GAUCHE,20526,ECO,37808,CENTRE,31821.0,CENTRE,26655.0,E.DROITE,41780.0,DROITE,22936.0,,,,,,
2024,80,Somme,E.DROITE,327578,224102,GAUCHE,45646,CENTRE,40429,DROITE,25383.0,E.DROITE,101572.0,,,,,,,,,,
2024,81,Tarn,E.DROITE,300461,215849,GAUCHE,35447,CENTRE,36127,CENTRE,32529.0,E.DROITE,59747.0,DROITE,34722.0,,,,,,,,
2024,82,Tarn-et-Garonne,GAUCHE,190622,134871,GAUCHE,53979,E.DROITE,37015,DROITE,32394.0,,,,,,,,,,,,
2024,83,Var,E.DROITE,278177,182956,CENTRE,83201,E.DROITE,92395,,,,,,,,,,,,,,
2024,84,Vaucluse,E.DROITE,336149,225677,GAUCHE,89271,E.DROITE,115456,,,,,,,,,,,,,,
2024,85,Vendée,CENTRE,560465,394401,GAUCHE,12170,CENTRE,190094,DROITE,31068.0,E.DROITE,71871.0,DROITE,71651.0,,,,,,,,
2024,86,Vienne,CENTRE,307403,215538,GAUCHE,41326,DROITE,16244,CENTRE,75147.0,E.DROITE,74667.0,,,,,,,,,,
2024,87,Haute-Vienne,GAUCHE,263728,191844,GAUCHE,84487,CENTRE,13453,CENTRE,12573.0,E.DROITE,70143.0,,,,,,,,,,
2024,88,Vosges,E.DROITE,275375,189589,CENTRE,22422,DROITE,20073,DROITE,56604.0,E.DROITE,83346.0,,,,,,,,,,
2024,89,Yonne,E.DROITE,147236,100943,GAUCHE,22459,CENTRE,23342,E.DROITE,23737.0,DROITE,23736.0,,,,,,,,,,
2024,90,Territoire de Belfort,E.DROITE,93992,65319,GAUCHE,14209,DROITE,17512,E.DROITE,28654.0,,,,,,,,,,,,
2024,91,Essonne,GAUCHE,807089,533687,GAUCHE,236525,DIV,11256,CENTRE,81221.0,DROITE,10960.0,DSV,18672.0,E.DROITE,119303.0,DROITE,23266.0,,,,
2024,92,Hauts-de-Seine,CENTRE,701910,479419,GAUCHE,185769,CENTRE,189576,DROITE,79293.0,,,,,,,,,,,,
2024,93,Seine-Saint-Denis,GAUCHE,423531,242087,E.GAUCHE,8361,GAUCHE,25033,GAUCHE,136894.0,CENTRE,13362.0,E.DROITE,37232.0,,,,,,,,
2024,94,Val-de-Marne,GAUCHE,553268,374240,GAUCHE,153254,CENTRE,83954,DROITE,51201.0,DROITE,29142.0,E.DROITE,32975.0,DROITE,13810.0,,,,,,
2024,95,Val-d'Oise,GAUCHE,618213,401733,GAUCHE,202182,CENTRE,55483,E.DROITE,117123.0,,,,,,,,,,,,
2024,971,Guadeloupe,GAUCHE,318948,110579,GAUCHE,15068,GAUCHE,64770,CENTRE,6127.0,E.DROITE,17244.0,,,,,,,,,,
2024,972,Martinique,CENTRE,304690,98836,GAUCHE,10243,GAUCHE,8541,CENTRE,61483.0,DROITE,9003.0,E.DROITE,3350.0,,,,,,,,
2024,973,Guyane,CENTRE,108949,28559,CENTRE,22724,DROITE,4490,,,,,,,,,,,,,,
2024,974,La Réunion,E.DROITE,697352,335193,GAUCHE,96223,GAUCHE,84966,E.DROITE,127468.0,,,,,,,,,,,,
2024,975,Saint-Pierre-et-Miquelon,DROITE,5068,2810,GAUCHE,1032,DROITE,1665,,,,,,,,,,,,,,
2024,976,Mayotte,E.DROITE,52473,26069,DROITE,11153,E.DROITE,12974,,,,,,,,,,,,,,
2024,987,Polynésie française,DROITE,138295,67059,GAUCHE,31394,DROITE,34554,,,,,,,,,,,,,,
2024,988,Nouvelle-Calédonie,CENTRE,222101,158461,CENTRE,83123,DROITE,72897,,,,,,,,,,,,,,
2024,ZX,Saint-Martin/Saint-Barthélemy,CENTRE,25233,7299,CENTRE,3942,DROITE,3095,,,,,,,,,,,,,,
2024,ZZ,Français établis hors de France,CENTRE,1570155,591835,GAUCHE,246747,CENTRE,269895,CENTRE,25894.0,DROITE,16428.0,,,,,,,,,,
2023,01,Ain,GAUCHE,440749,198299,GAUCHE,71536,CENTRE,43358,DROITE,24407.0,DROITE,17687.0,E.DROITE,22601.0,,,,,,,,
2023,02,Aisne,E.DROITE,374307,167051,GAUCHE,28015,CENTRE,27404,DROITE,17463.0,E.DROITE,80592.0,,,,,,,,,,
2023,03,Allier,GAUCHE,250522,118399,GAUCHE,37808,CENTRE,29843,DROITE,19296.0,E.DROITE,16116.0,,,,,,,,,,
2023,04,Alpes-de-Haute-Provence,GAUCHE,128626,67029,GAUCHE,30163,CENTRE,15134,E.DROITE,14791.0,,,,,,,,,,,,
2023,05,Hautes-Alpes,CENTRE,113927,59128,GAUCHE,25118,CENTRE,28825,,,,,,,,,,,,,,
2023,06,Alpes-Maritimes,CENTRE,783287,328866,GAUCHE,14111,CENTRE,121908,DROITE,101549.0,E.DROITE,67299.0,,,,,,,,,,
2023,07,Ardèche,GAUCHE,256727,133294,GAUCHE,36652,GAUCHE,21550,CENTRE,25684.0,DROITE,24896.0,E.DROITE,14339.0,,,,,,,,
2023,08,Ardennes,E.DROITE,186882,80618,CENTRE,14861,DROITE,15977,DROITE,15575.0,E.DROITE,29127.0,,,,,,,,,,
2023,09,Ariège,GAUCHE,119503,62173,GAUCHE,27129,GAUCHE,16225,CENTRE,11917.0,,,,,,,,,,,,
2023,10,Aube,E.DROITE,206387,96146,CENTRE,26794,DROITE,19730,E.DROITE,43432.0,,,,,,,,,,,,
2023,11,Aude,E.DROITE,280915,143682,GAUCHE,40627,CENTRE,18724,E.DROITE,67358.0,,,,,,,,,,,,
2023,12,Aveyron,CENTRE,219811,116777,GAUCHE,46699,CENTRE,58648,,,,,,,,,,,,,,
2023,13,Bouches-du-Rhône,E.DROITE,1419925,612123,GAUCHE,162728,CENTRE,163186,DROITE,18154.0,E.DROITE,220278.0,,,,,,,,,,
2023,14,Calvados,CENTRE,514880,257473,GAUCHE,96207,CENTRE,126347,E.DROITE,16120.0,,,,,,,,,,,,
2023,15,Cantal,DROITE,115963,54262,CENTRE,14568,DROITE,33608,,,,,,,,,,,,,,
2023,16,Charente,CENTRE,258371,126058,GAUCHE,18830,CENTRE,58605,E.DROITE,36208.0,,,,,,,,,,,,
2023,17,Charente-Maritime,CENTRE,521007,255047,GAUCHE,41828,GAUCHE,34576,CENTRE,93838.0,E.DROITE,64473.0,,,,,,,,,,
2023,18,Cher,CENTRE,224526,104482,GAUCHE,27273,CENTRE,37551,E.DROITE,28880.0,,,,,,,,,,,,
2023,19,Corrèze,DROITE,185576,101287,GAUCHE,40606,DROITE,51706,,,,,,,,,,,,,,
2023,21,Côte-d'Or,CENTRE,368527,178514,GAUCHE,43604,CENTRE,70119,DROITE,19291.0,E.DROITE,29400.0,,,,,,,,,,
2023,22,Côtes-d'Armor,GAUCHE,473187,259204,GAUCHE,109776,CENTRE,101889,DROITE,30012.0,,,,,,,,,,,,
2023,23,Creuse,GAUCHE,91036,47942,GAUCHE,21752,CENTRE,20532,,,,,,,,,,,,,,
2023,24,Dordogne,GAUCHE,319282,172345,GAUCHE,55934,CENTRE,49898,DROITE,19445.0,E.DROITE,30382.0,,,,,,,,,,
2023,25,Doubs,CENTRE,370175,170315,GAUCHE,33792,CENTRE,72109,DROITE,22678.0,E.DROITE,26660.0,,,,,,,,,,
2023,26,Drôme,GAUCHE,384009,190371,GAUCHE,80393,CENTRE,44887,DROITE,27076.0,E.DROITE,21566.0,,,,,,,,,,
2023,27,Eure,E.DROITE,433756,207160,GAUCHE,19824,CENTRE,72486,E.DROITE,96856.0,,,,,,,,,,,,
2023,28,Eure-et-Loir,CENTRE,304838,137128,GAUCHE,16251,CENTRE,56259,DROITE,17957.0,E.DROITE,36254.0,,,,,,,,,,
2023,29,Finistère,CENTRE,712124,372734,GAUCHE,163966,CENTRE,167775,DROITE,18127.0,,,,,,,,,,,,
2023,30,Gard,E.DROITE,557322,258820,GAUCHE,57127,CENTRE,70923,E.DROITE,104461.0,,,,,,,,,,,,
2023,31,Haute-Garonne,GAUCHE,937879,482878,GAUCHE,209473,GAUCHE,24191,CENTRE,196395.0,E.DROITE,15867.0,,,,,,,,,,
2023,32,Gers,CENTRE,147657,79232,GAUCHE,17025,GAUCHE,22203,CENTRE,31874.0,,,,,,,,,,,,
2023,33,Gironde,CENTRE,1165406,568961,GAUCHE,195435,CENTRE,237103,E.DROITE,89505.0,,,,,,,,,,,,
2023,34,Hérault,GAUCHE,852590,402048,GAUCHE,167062,CENTRE,71612,DROITE,26255.0,E.DROITE,95715.0,,,,,,,,,,
2023,35,Ille-et-Vilaine,CENTRE,775521,406384,GAUCHE,163632,CENTRE,194050,DROITE,23704.0,,,,,,,,,,,,
2023,36,Indre,DROITE,166144,79319,GAUCHE,14258,CENTRE,18158,DROITE,22507.0,E.DROITE,16173.0,,,,,,,,,,
2023,37,Indre-et-Loire,CENTRE,442249,215755,GAUCHE,76298,CENTRE,106866,E.DROITE,15286.0,,,,,,,,,,,,
2023,38,Isère,CENTRE,889988,419747,GAUCHE,122744,CENTRE,175338,DROITE,23678.0,E.DROITE,68849.0,,,,,,,,,,
2023,39,Jura,GAUCHE,191222,94625,GAUCHE,36277,CENTRE,16833,DROITE,34777.0,,,,,,,,,,,,
2023,40,Landes,GAUCHE,331085,170652,GAUCHE,78513,CENTRE,76817,,,,,,,,,,,,,,
2023,41,Loir-et-Cher,CENTRE,245112,120395,GAUCHE,15606,CENTRE,58754,E.DROITE,35270.0,,,,,,,,,,,,
2023,42,Loire,DROITE,516560,228047,GAUCHE,54012,CENTRE,77399,DROITE,77472.0,,,,,,,,,,,,
2023,43,Haute-Loire,DROITE,181075,88480,GAUCHE,25635,DROITE,58099,,,,,,,,,,,,,,
2023,44,Loire-Atlantique,CENTRE,1061096,535744,GAUCHE,250197,CENTRE,251904,,,,,,,,,,,,,,
2023,45,Loiret,CENTRE,459476,218113,GAUCHE,56470,CENTRE,90726,E.DROITE,51669.0,,,,,,,,,,,,
2023,46,Lot,GAUCHE,139533,81362,GAUCHE,26634,GAUCHE,11966,CENTRE,12744.0,DROITE,25615.0,,,,,,,,,,
2023,47,Lot-et-Garonne,E.DROITE,242127,126218,GAUCHE,27041,CENTRE,32812,E.DROITE,54426.0,,,,,,,,,,,,
2023,48,Lozère,CENTRE,59909,35481,GAUCHE,14620,CENTRE,17355,,,,,,,,,,,,,,
2023,49,Maine-et-Loire,CENTRE,591607,280534,GAUCHE,110028,CENTRE,132517,DROITE,19020.0,,,,,,,,,,,,
2023,50,Manche,CENTRE,384799,185757,GAUCHE,70166,CENTRE,75312,DROITE,27166.0,,,,,,,,,,,,
2023,51,Marne,E.DROITE,382278,167820,GAUCHE,24614,CENTRE,50028,DROITE,21325.0,E.DROITE,57020.0,,,,,,,,,,
2023,52,Haute-Marne,E.DROITE,129445,62732,CENTRE,15411,DROITE,12963,E.DROITE,30078.0,,,,,,,,,,,,
2023,53,Mayenne,GAUCHE,152780,70487,GAUCHE,34161,CENTRE,31551,,,,,,,,,,,,,,
2023,54,Meurthe-et-Moselle,GAUCHE,494028,216313,GAUCHE,62559,GAUCHE,21781,CENTRE,48060.0,DROITE,24952.0,E.DROITE,43887.0,,,,,,,,
2023,55,Meuse,E.DROITE,135159,63183,CENTRE,11534,DROITE,19027,E.DROITE,28586.0,,,,,,,,,,,,
2023,57,Moselle,E.DROITE,747918,294571,GAUCHE,57120,CENTRE,78520,DROITE,39068.0,E.DROITE,95753.0,,,,,,,,,,
2023,58,Nièvre,CENTRE,154432,77682,GAUCHE,11527,CENTRE,32131,E.DROITE,29330.0,,,,,,,,,,,,
2023,59,Nord,GAUCHE,1820567,790001,GAUCHE,235259,GAUCHE,18448,CENTRE,231295.0,CENTRE,19211.0,DROITE,17199.0,,,,,,,,
2023,60,Oise,E.DROITE,565770,254680,GAUCHE,26827,CENTRE,53633,DROITE,57352.0,E.DROITE,97484.0,,,,,,,,,,
2023,61,Orne,DROITE,205739,98325,GAUCHE,14776,CENTRE,14661,DROITE,39721.0,E.DROITE,21090.0,,,,,,,,,,
2023,62,Pas-de-Calais,E.DROITE,1096112,497961,GAUCHE,46723,GAUCHE,22801,CENTRE,134199.0,DROITE,20132.0,E.DROITE,236649.0,,,,,,,,
2023,63,Puy-de-Dôme,GAUCHE,469996,229021,GAUCHE,118690,CENTRE,77436,E.DROITE,13633.0,,,,,,,,,,,,
2023,64,Pyrénées-Atlantiques,CENTRE,521924,267264,GAUCHE,106370,GAUCHE,26414,CENTRE,110673.0,,,,,,,,,,,,
2023,65,Hautes-Pyrénées,CENTRE,177801,91738,GAUCHE,39894,CENTRE,41625,,,,,,,,,,,,,,
2023,66,Pyrénées-Orientales,E.DROITE,363348,169150,GAUCHE,16368,CENTRE,49385,E.DROITE,86172.0,,,,,,,,,,,,
2023,67,Bas-Rhin,CENTRE,784532,343363,GAUCHE,59983,CENTRE,166074,DROITE,21676.0,E.DROITE,76679.0,,,,,,,,,,
2023,68,Haut-Rhin,CENTRE,533583,214573,GAUCHE,10094,CENTRE,87892,DROITE,52205.0,E.DROITE,49288.0,,,,,,,,,,
2023,69,Rhône,CENTRE,1192744,565031,GAUCHE,195656,CENTRE,274177,DROITE,59041.0,,,,,,,,,,,,
2023,70,Haute-Saône,E.DROITE,178121,90852,CENTRE,37443,E.DROITE,44742,,,,,,,,,,,,,,
2023,71,Saône-et-Loire,GAUCHE,404108,185708,GAUCHE,60627,CENTRE,54724,DROITE,22823.0,E.DROITE,30997.0,,,,,,,,,,
2023,72,Sarthe,E.DROITE,412114,186026,GAUCHE,49503,CENTRE,56868,E.DROITE,58849.0,,,,,,,,,,,,
2023,73,Savoie,GAUCHE,322278,153481,GAUCHE,58222,CENTRE,41530,DROITE,43623.0,,,,,,,,,,,,
2023,74,Haute-Savoie,CENTRE,569620,249441,GAUCHE,75890,CENTRE,98392,DROITE,47053.0,E.DROITE,11338.0,,,,,,,,,,
2023,75,Paris,CENTRE,1144343,622522,GAUCHE,248048,GAUCHE,14857,CENTRE,298188.0,DROITE,32736.0,,,,,,,,,,
2023,76,Seine-Maritime,GAUCHE,882863,415093,GAUCHE,152047,CENTRE,119379,E.DROITE,107129.0,,,,,,,,,,,,
2023,77,Seine-et-Marne,GAUCHE,905108,387714,GAUCHE,141275,CENTRE,113159,DROITE,37288.0,E.DROITE,65068.0,,,,,,,,,,
2023,78,Yvelines,CENTRE,965215,478130,GAUCHE,157852,CENTRE,271475,E.DROITE,15631.0,,,,,,,,,,,,
2023,79,Deux-Sèvres,CENTRE,274118,131889,GAUCHE,60607,CENTRE,61387,,,,,,,,,,,,,,
2023,80,Somme,E.DROITE,411099,199122,GAUCHE,49209,CENTRE,35746,DROITE,21266.0,E.DROITE,72858.0,,,,,,,,,,
2023,81,Tarn,GAUCHE,299176,160132,GAUCHE,61511,CENTRE,46647,E.DROITE,35689.0,,,,,,,,,,,,
2023,82,Tarn-et-Garonne,E.DROITE,189348,95518,GAUCHE,25327,CENTRE,19384,E.DROITE,41799.0,,,,,,,,,,,,
2023,83,Var,E.DROITE,824923,370097,CENTRE,163023,E.DROITE,184720,,,,,,,,,,,,,,
2023,84,Vaucluse,E.DROITE,413316,189734,GAUCHE,14065,CENTRE,66424,E.DROITE,93388.0,,,,,,,,,,,,
2023,85,Vendée,CENTRE,552911,254207,GAUCHE,41707,CENTRE,130811,DROITE,23336.0,E.DROITE,36935.0,,,,,,,,,,
2023,86,Vienne,CENTRE,307002,152452,GAUCHE,38243,CENTRE,72618,E.DROITE,28921.0,,,,,,,,,,,,
2023,87,Haute-Vienne,GAUCHE,264544,136643,GAUCHE,66991,CENTRE,36041,E.DROITE,16757.0,,,,,,,,,,,,
2023,88,Vosges,E.DROITE,278565,130048,CENTRE,15823,DROITE,36888,DROITE,21035.0,E.DROITE,47522.0,,,,,,,,,,
2023,89,Yonne,E.DROITE,238983,114913,GAUCHE,16135,CENTRE,33699,E.DROITE,54176.0,,,,,,,,,,,,
2023,90,Territoire de Belfort,E.DROITE,94246,43770,GAUCHE,9476,DROITE,12037,E.DROITE,16471.0,,,,,,,,,,,,
2023,91,Essonne,GAUCHE,804779,378346,GAUCHE,173725,CENTRE,139033,E.DROITE,19306.0,E.DROITE,19607.0,,,,,,,,,,
2023,92,Hauts-de-Seine,CENTRE,1004370,523200,GAUCHE,184068,CENTRE,269945,DROITE,42528.0,,,,,,,,,,,,
2023,93,Seine-Saint-Denis,GAUCHE,720090,263601,GAUCHE,160361,CENTRE,61872,CENTRE,11395.0,DROITE,11394.0,,,,,,,,,,
2023,94,Val-de-Marne,GAUCHE,802902,376978,GAUCHE,179817,CENTRE,152153,DROITE,25641.0,,,,,,,,,,,,
2023,95,Val-d'Oise,GAUCHE,738073,316753,GAUCHE,151052,CENTRE,134012,E.DROITE,10377.0,,,,,,,,,,,,
2023,ZA,Guadeloupe,GAUCHE,316354,89324,GAUCHE,59621,CENTRE,10915,E.DROITE,11393.0,,,,,,,,,,,,
2023,ZD,La Réunion,GAUCHE,678140,235292,DROITE,11229,GAUCHE,119914,DROITE,17537.0,CENTRE,8013.0,DROITE,17363.0,,,,,,,,
2023,ZS,Saint-Pierre-et-Miquelon,DROITE,5049,2825,GAUCHE,1310,DROITE,1329,,,,,,,,,,,,,,
2023,ZX,Saint-Martin/Saint-Barthélemy,DROITE,24567,6034,DROITE,3921,DROITE,1913,,,,,,,,,,,,,,
2023,ZZ,Français établis hors de France,CENTRE,1447026,358410,GAUCHE,137749,CENTRE,181581,DROITE,14836.0,CENTRE,8470.0,,,,,,,,,,
2017,1,Ain,DROITE,416399,174027,DROITE,65707,CENTRE,48622,CENTRE,32433.0,E.DROITE,12404.0,,,,,,,,,,
2017,2,Aisne,E.DROITE,375746,164771,E.DROITE,61671,CENTRE,52549,DROITE,19019.0,GAUCHE,17558.0,,,,,,,,,,
2017,3,Allier,CENTRE,253423,119445,CENTRE,55300,DROITE,29172,E.GAUCHE,20915.0,,,,,,,,,,,,
2017,4,Alpes-de-Haute-Provence,CENTRE,126465,57922,CENTRE,32021,E.GAUCHE,10244,E.DROITE,8933.0,,,,,,,,,,,,
2017,5,Hautes-Alpes,CENTRE,109902,49482,CENTRE,26974,DROITE,8828,DROITE,6923.0,,,,,,,,,,,,
2017,6,Alpes-Maritimes,CENTRE,761366,320843,CENTRE,115653,DROITE,114575,E.DROITE,53788.0,CENTRE,12680.0,,,,,,,,,,
2017,7,Ardèche,CENTRE,249235,114263,CENTRE,43449,GAUCHE,39125,DROITE,16926.0,,,,,,,,,,,,
2017,8,Ardennes,DROITE,194287,80409,DROITE,50360,CENTRE,16934,E.DROITE,5980.0,,,,,,,,,,,,
2017,9,Ariège,E.GAUCHE,117403,57194,E.GAUCHE,25348,CENTRE,24931,,,,,,,,,,,,,,
2017,10,Aube,DROITE,203893,93410,DROITE,40358,CENTRE,24679,CENTRE,11548.0,E.DROITE,8780.0,,,,,,,,,,
2017,11,Aude,CENTRE,272669,127395,CENTRE,62123,E.DROITE,30049,GAUCHE,17318.0,,,,,,,,,,,,
2017,12,Aveyron,CENTRE,217966,101841,CENTRE,53679,DROITE,32697,,,,,,,,,,,,,,
2017,13,Bouches-du-Rhône,CENTRE,1370795,542174,CENTRE,200374,DROITE,133033,E.DROITE,68400.0,CENTRE,45549.0,E.GAUCHE,23560.0,E.GAUCHE,21602.0,,,,,,
2017,14,Calvados,CENTRE,501178,220954,CENTRE,97579,DROITE,49521,GAUCHE,14814.0,CENTRE,14394.0,E.DROITE,11252.0,CENTRE,9367.0,,,,,,
2017,15,Cantal,DROITE,117259,61136,DROITE,30002,CENTRE,26333,,,,,,,,,,,,,,
2017,16,Charente,CENTRE,259767,114150,CENTRE,52829,GAUCHE,22337,DROITE,13011.0,E.GAUCHE,12935.0,,,,,,,,,,
2017,17,Charente-Maritime,DROITE,491003,210085,DROITE,68977,CENTRE,56668,GAUCHE,28765.0,CENTRE,19024.0,CENTRE,12913.0,,,,,,,,
2017,18,Cher,CENTRE,228863,101438,CENTRE,33172,GAUCHE,17136,CENTRE,14366.0,E.GAUCHE,12962.0,DROITE,11996.0,,,,,,,,
2017,19,Corrèze,CENTRE,185174,94094,CENTRE,41358,GAUCHE,19619,DROITE,18874.0,,,,,,,,,,,,
2017,2A,Corse-du-Sud,DROITE,108750,52603,DROITE,25769,CENTRE,16637,CENTRE,6614.0,,,,,,,,,,,,
2017,2B,Haute-Corse,CENTRE,124738,64781,CENTRE,37581,CENTRE,12425,DROITE,10490.0,,,,,,,,,,,,
2017,21,Côte-d'Or,CENTRE,360813,162487,CENTRE,78075,DROITE,43361,DROITE,12935.0,E.DROITE,9323.0,,,,,,,,,,
2017,22,Côtes-d'Armor,CENTRE,455813,229550,CENTRE,95707,DROITE,40648,GAUCHE,32500.0,CENTRE,22233.0,CENTRE,14788.0,,,,,,,,
2017,23,Creuse,CENTRE,92984,44710,CENTRE,21688,DROITE,15558,,,,,,,,,,,,,,
2017,24,Dordogne,CENTRE,313552,157599,CENTRE,61605,E.GAUCHE,32769,CENTRE,16678.0,GAUCHE,16021.0,E.DROITE,11331.0,,,,,,,,
2017,25,Doubs,CENTRE,368383,163861,CENTRE,58601,DROITE,46302,GAUCHE,19672.0,GAUCHE,13169.0,E.DROITE,9860.0,,,,,,,,
2017,26,Drôme,CENTRE,369481,160499,CENTRE,77505,DROITE,50176,E.DROITE,13160.0,,,,,,,,,,,,
2017,27,Eure,CENTRE,427689,186813,CENTRE,81013,E.DROITE,66016,CENTRE,20788.0,,,,,,,,,,,,
2017,28,Eure-et-Loir,DROITE,301402,132083,DROITE,48105,CENTRE,38984,CENTRE,20685.0,GAUCHE,12729.0,,,,,,,,,,
2017,29,Finistère,CENTRE,689380,322597,CENTRE,161949,DROITE,45713,GAUCHE,34705.0,DROITE,17930.0,GAUCHE,14633.0,E.GAUCHE,12646.0,,,,,,
2017,30,Gard,CENTRE,537624,233597,CENTRE,100447,E.DROITE,88975,CENTRE,19711.0,,,,,,,,,,,,
2017,31,Haute-Garonne,CENTRE,899708,408514,CENTRE,185345,E.GAUCHE,99305,E.DROITE,25076.0,CENTRE,22581.0,GAUCHE,17270.0,DROITE,14429.0,,,,,,
2017,32,Gers,CENTRE,145005,73500,CENTRE,34134,GAUCHE,29131,,,,,,,,,,,,,,
2017,33,Gironde,CENTRE,1086553,463038,CENTRE,216873,GAUCHE,82207,DROITE,39872.0,E.GAUCHE,31266.0,E.DROITE,26186.0,CENTRE,18059.0,,,,,,
2017,34,Hérault,CENTRE,800447,336685,CENTRE,175178,E.DROITE,100593,E.GAUCHE,24037.0,,,,,,,,,,,,
2017,35,Ille-et-Vilaine,CENTRE,731375,335325,CENTRE,124341,DROITE,67146,CENTRE,36152.0,E.GAUCHE,28202.0,CENTRE,26922.0,GAUCHE,21693.0,,,,,,
2017,36,Indre,CENTRE,170597,79465,CENTRE,22303,DROITE,19218,CENTRE,17962.0,E.DROITE,9369.0,,,,,,,,,,
2017,37,Indre-et-Loire,CENTRE,428758,188300,CENTRE,72517,DROITE,43089,GAUCHE,28595.0,CENTRE,22194.0,,,,,,,,,,
2017,38,Isère,CENTRE,856668,355020,CENTRE,171750,E.DROITE,44654,DROITE,42056.0,CENTRE,20544.0,GAUCHE,18755.0,CENTRE,10878.0,E.GAUCHE,10232.0,,,,
2017,39,Jura,DROITE,190145,89940,DROITE,42020,CENTRE,22445,CENTRE,15498.0,,,,,,,,,,,,
2017,40,Landes,CENTRE,310172,150583,CENTRE,52451,GAUCHE,38421,CENTRE,26192.0,E.GAUCHE,17471.0,,,,,,,,,,
2017,41,Loir-et-Cher,CENTRE,245275,117615,CENTRE,31108,CENTRE,23088,CENTRE,22914.0,DROITE,19108.0,E.DROITE,10221.0,,,,,,,,
2017,42,Loire,CENTRE,511202,209412,CENTRE,79239,DROITE,55275,CENTRE,21257.0,CENTRE,13776.0,GAUCHE,11544.0,E.GAUCHE,7716.0,,,,,,
2017,43,Haute-Loire,DROITE,177252,87196,DROITE,49011,CENTRE,31378,,,,,,,,,,,,,,
2017,44,Loire-Atlantique,CENTRE,994939,435631,CENTRE,182964,DROITE,74063,E.GAUCHE,61300.0,CENTRE,55821.0,GAUCHE,17636.0,,,,,,,,
2017,45,Loiret,CENTRE,452835,198819,CENTRE,80211,DROITE,70288,CENTRE,14379.0,CENTRE,12911.0,,,,,,,,,,
2017,46,Lot,CENTRE,136150,71258,CENTRE,31501,DROITE,16358,GAUCHE,14033.0,,,,,,,,,,,,
2017,47,Lot-et-Garonne,CENTRE,240809,115564,CENTRE,59261,E.DROITE,26339,CENTRE,14903.0,,,,,,,,,,,,
2017,48,Lozère,DROITE,59436,32914,DROITE,16440,CENTRE,12601,,,,,,,,,,,,,,
2017,49,Maine-et-Loire,CENTRE,568961,248549,CENTRE,119435,DROITE,63113,CENTRE,19235.0,CENTRE,12091.0,DROITE,9545.0,,,,,,,,
2017,50,Manche,CENTRE,378918,165788,CENTRE,82160,DROITE,51014,CENTRE,15636.0,,,,,,,,,,,,
2017,51,Marne,DROITE,381594,159190,DROITE,46558,CENTRE,32122,E.DROITE,31601.0,CENTRE,24074.0,CENTRE,10573.0,,,,,,,,
2017,52,Haute-Marne,DROITE,133997,60361,DROITE,29136,CENTRE,15045,E.DROITE,9901.0,,,,,,,,,,,,
2017,53,Mayenne,CENTRE,222474,103395,CENTRE,24063,CENTRE,19405,GAUCHE,18848.0,CENTRE,18013.0,DROITE,14869.0,,,,,,,,
2017,54,Meurthe-et-Moselle,CENTRE,494761,202974,CENTRE,60017,GAUCHE,33900,E.GAUCHE,30408.0,DROITE,28208.0,CENTRE,17487.0,E.DROITE,11192.0,,,,,,
2017,55,Meuse,CENTRE,137557,61577,CENTRE,27909,CENTRE,18053,E.DROITE,8881.0,,,,,,,,,,,,
2017,56,Morbihan,CENTRE,471856,215293,CENTRE,93313,DROITE,36496,E.GAUCHE,23889.0,CENTRE,21223.0,CENTRE,16755.0,,,,,,,,
2017,57,Moselle,CENTRE,751115,285650,CENTRE,129962,E.DROITE,57844,DROITE,55513.0,CENTRE,16150.0,,,,,,,,,,
2017,58,Nièvre,CENTRE,159285,72020,CENTRE,37596,GAUCHE,15686,E.DROITE,9584.0,,,,,,,,,,,,
2017,59,Nord,CENTRE,1805129,731852,CENTRE,245069,E.DROITE,142053,DROITE,110122.0,CENTRE,53371.0,E.GAUCHE,35690.0,E.GAUCHE,30658.0,CENTRE,24708.0,GAUCHE,21538.0,,
2017,60,Oise,CENTRE,562261,238943,CENTRE,103556,DROITE,74861,E.DROITE,38912.0,,,,,,,,,,,,
2017,61,Orne,DROITE,208605,99536,DROITE,34579,CENTRE,27793,GAUCHE,15192.0,DROITE,13746.0,,,,,,,,,,
2017,62,Pas-de-Calais,E.DROITE,1090652,488936,E.DROITE,182839,CENTRE,159516,CENTRE,57706.0,DROITE,44431.0,,,,,,,,,,
2017,63,Puy-de-Dôme,CENTRE,461076,212174,CENTRE,50118,CENTRE,39598,E.GAUCHE,30620.0,GAUCHE,24936.0,CENTRE,15966.0,DROITE,15483.0,E.GAUCHE,13603.0,,,,
2017,64,Pyrénées-Atlantiques,CENTRE,502161,237982,CENTRE,79517,GAUCHE,50020,CENTRE,35858.0,DROITE,22893.0,DROITE,19787.0,,,,,,,,
2017,65,Hautes-Pyrénées,CENTRE,177651,84014,CENTRE,40488,GAUCHE,18230,E.GAUCHE,16102.0,,,,,,,,,,,,
2017,66,Pyrénées-Orientales,E.DROITE,347747,152458,E.DROITE,60270,CENTRE,55414,CENTRE,20025.0,,,,,,,,,,,,
2017,67,Bas-Rhin,DROITE,766612,311211,DROITE,129882,CENTRE,108033,GAUCHE,19153.0,CENTRE,16522.0,CENTRE,14845.0,,,,,,,,
2017,68,Haut-Rhin,CENTRE,526584,213658,CENTRE,93790,DROITE,76184,DROITE,16807.0,E.DROITE,11401.0,,,,,,,,,,
2017,69,Rhône,CENTRE,1156098,488935,CENTRE,235531,DROITE,139234,E.GAUCHE,21498.0,CENTRE,17977.0,GAUCHE,15067.0,GAUCHE,12063.0,E.DROITE,7192.0,,,,
2017,70,Haute-Saône,CENTRE,179183,88108,CENTRE,45472,E.DROITE,32170,,,,,,,,,,,,,,
2017,71,Saône-et-Loire,CENTRE,406284,172879,CENTRE,79568,DROITE,55887,GAUCHE,16527.0,,,,,,,,,,,,
2017,72,Sarthe,DROITE,405568,169905,DROITE,59117,CENTRE,57593,GAUCHE,34309.0,,,,,,,,,,,,
2017,73,Savoie,DROITE,310469,128116,DROITE,47708,CENTRE,32131,CENTRE,13293.0,GAUCHE,10568.0,CENTRE,10547.0,,,,,,,,
2017,74,Haute-Savoie,CENTRE,536994,219054,CENTRE,109573,DROITE,77933,DROITE,15381.0,,,,,,,,,,,,
2017,75,Paris,CENTRE,1221304,586715,CENTRE,250404,DROITE,119284,E.GAUCHE,80962.0,GAUCHE,59669.0,CENTRE,19203.0,CENTRE,9376.0,,,,,,
2017,76,Seine-Maritime,CENTRE,880635,377196,CENTRE,149011,E.GAUCHE,55024,E.DROITE,44226.0,DROITE,43720.0,GAUCHE,37103.0,GAUCHE,10617.0,,,,,,
2017,77,Seine-et-Marne,CENTRE,881512,340583,CENTRE,116508,DROITE,105826,E.DROITE,28995.0,CENTRE,18531.0,GAUCHE,13639.0,CENTRE,12659.0,E.GAUCHE,11757.0,,,,
2017,78,Yvelines,CENTRE,951384,431136,CENTRE,192269,DROITE,143787,CENTRE,34682.0,DROITE,14084.0,CENTRE,13395.0,,,,,,,,
2017,79,Deux-Sèvres,CENTRE,272401,124592,CENTRE,61198,GAUCHE,24970,E.GAUCHE,14987.0,DROITE,13300.0,,,,,,,,,,
2017,80,Somme,CENTRE,327564,149195,CENTRE,67356,E.GAUCHE,30382,DROITE,20688.0,E.DROITE,14811.0,,,,,,,,,,
2017,81,Tarn,CENTRE,291206,141600,CENTRE,51898,E.DROITE,25201,DROITE,24959.0,DROITE,21031.0,,,,,,,,,,
2017,82,Tarn-et-Garonne,GAUCHE,183298,86146,GAUCHE,21398,GAUCHE,20053,E.DROITE,17230.0,CENTRE,16393.0,,,,,,,,,,
2017,83,Var,CENTRE,794792,324000,CENTRE,139766,E.DROITE,102060,DROITE,34018.0,CENTRE,20061.0,,,,,,,,,,
2017,84,Vaucluse,CENTRE,402551,174998,CENTRE,79899,DROITE,32783,E.DROITE,26382.0,E.DROITE,19034.0,,,,,,,,,,
2017,85,Vendée,CENTRE,514507,227384,CENTRE,72068,DROITE,56060,CENTRE,47765.0,GAUCHE,15732.0,CENTRE,14475.0,,,,,,,,
2017,86,Vienne,CENTRE,306765,135363,CENTRE,59102,CENTRE,14508,CENTRE,13752.0,E.GAUCHE,12961.0,E.DROITE,9744.0,DROITE,9261.0,,,,,,
2017,87,Haute-Vienne,CENTRE,265262,130695,CENTRE,65543,E.GAUCHE,20139,E.GAUCHE,15943.0,DROITE,12668.0,,,,,,,,,,
2017,88,Vosges,DROITE,282546,128319,DROITE,46677,CENTRE,37604,DROITE,16547.0,GAUCHE,12909.0,,,,,,,,,,
2017,89,Yonne,CENTRE,241749,110965,CENTRE,50005,DROITE,18243,E.DROITE,16020.0,CENTRE,15911.0,,,,,,,,,,
2017,90,Territoire de Belfort,CENTRE,95333,42140,CENTRE,9815,DROITE,9410,CENTRE,9131.0,CENTRE,8415.0,,,,,,,,,,
2017,91,Essonne,CENTRE,794894,335503,CENTRE,137764,DROITE,71921,E.GAUCHE,37420.0,DROITE,17344.0,CENTRE,14731.0,GAUCHE,11757.0,CENTRE,11429.0,,,,
2017,92,Hauts-de-Seine,CENTRE,983053,457271,CENTRE,204651,DROITE,140473,CENTRE,23705.0,E.GAUCHE,14834.0,CENTRE,13342.0,DROITE,11379.0,E.GAUCHE,10955.0,,,,
2017,93,Seine-Saint-Denis,CENTRE,768469,264129,CENTRE,112373,E.GAUCHE,78000,CENTRE,21788.0,DROITE,19444.0,E.GAUCHE,9926.0,,,,,,,,
2017,94,Val-de-Marne,CENTRE,786565,325003,CENTRE,135367,DROITE,88598,E.GAUCHE,33458.0,CENTRE,14625.0,CENTRE,13030.0,GAUCHE,11029.0,,,,,,
2017,95,Val-d'Oise,CENTRE,731295,270833,CENTRE,112874,DROITE,82700,GAUCHE,18699.0,CENTRE,15177.0,E.GAUCHE,9221.0,CENTRE,5328.0,,,,,,
2017,ZA,Guadeloupe,GAUCHE,316128,96899,GAUCHE,42866,CENTRE,22646,GAUCHE,13403.0,DROITE,8350.0,,,,,,,,,,
2017,ZB,Martinique,GAUCHE,310225,97175,GAUCHE,52395,CENTRE,20120,CENTRE,9851.0,DROITE,6954.0,,,,,,,,,,
2017,ZC,Guyane,CENTRE,93084,29550,CENTRE,13826,GAUCHE,7546,CENTRE,6614.0,,,,,,,,,,,,
2017,ZD,La Réunion,DROITE,640339,258333,DROITE,86773,GAUCHE,58353,DROITE,29557.0,CENTRE,22305.0,GAUCHE,18950.0,CENTRE,11181.0,,,,,,
2017,ZM,Mayotte,DROITE,82801,39498,DROITE,20839,GAUCHE,7992,CENTRE,7066.0,,,,,,,,,,,,
2017,ZN,Nouvelle-Calédonie,DROITE,189780,87245,DROITE,30000,CENTRE,28557,CENTRE,23413.0,,,,,,,,,,,,
2017,ZP,Polynésie française,DROITE,203716,96179,DROITE,53653,CENTRE,21928,CENTRE,16603.0,,,,,,,,,,,,
2017,ZS,Saint-Pierre-et-Miquelon,GAUCHE,4974,3748,GAUCHE,1886,CENTRE,1750,,,,,,,,,,,,,,
2017,ZX,Saint-Martin/Saint-Barthélemy,DROITE,25414,6636,DROITE,3462,CENTRE,2864,,,,,,,,,,,,,,
2017,ZZ,Français établis hors de France,CENTRE,1265237,208036,CENTRE,115642,DROITE,21511,GAUCHE,14473.0,CENTRE,14115.0,E.GAUCHE,10459.0,CENTRE,7998.0,CENTRE,6642.0,DROITE,4491.0,ECO,3525.0
